reference,journal,doi,category_scientific,category_common,taxa,region,calories_kcalperg,ash_percent,carbohydrates_percent,lipids_percent,proteins_percent,magnesium_percent,phosphorus_percent,calcium_percent,iron_ppm,copper_ppm,zinc_ppm,conversions
Aguilera-Morales et al. 2005,Journal of Food Composition and Analysis,https://doi.org/10.1016/j.jfca.2003.12.012,Chlorophyta,Green algae,Ulva sp.,Eastern Pacific,1.94,34.51,NA,2.26,11.78,0.57,3.1,NA,NA,NA,0.035,Averaged values from samples taken in 1997 and 1998. Converted kJ per g to kcal per g by dividing by 4.184
Al-Harthi & El-Deek 2012,Italian Journal of Animal Science,https://doi.org/10.4081/ijas.2012.e64,Ochrophyta,Brown algae,Sargassum dentifebium,Red Sea,NA,47.15,NA,NA,7.54,NA,0.0239,0.144,11.495,4.79,330,
Angell et al. 2012,PLoS One,https://doi.org/10.1371/journal.pone.0038857,Chlorophyta,Green algae,Ulva flexuosa,Indo-Pacific,NA,NA,NA,NA,2.99,NA,NA,NA,NA,NA,NA,
Angell et al. 2012,PLoS One,https://doi.org/10.1371/journal.pone.0038857,Ochrophyta,Brown algae,Cystoseira trinodis,Indo-Pacific,NA,NA,NA,NA,6.34,NA,NA,NA,NA,NA,NA,
Angell et al. 2012,PLoS One,https://doi.org/10.1371/journal.pone.0038857,Ochrophyta,Brown algae,Padina australis,Indo-Pacific,NA,NA,NA,NA,6.47,NA,NA,NA,NA,NA,NA,
Angell et al. 2012,PLoS One,https://doi.org/10.1371/journal.pone.0038857,Ochrophyta,Brown algae,Sargassum flavicans,Indo-Pacific,NA,NA,NA,NA,6.48,NA,NA,NA,NA,NA,NA,
Angell et al. 2012,PLoS One,https://doi.org/10.1371/journal.pone.0038857,Rhodophyta,Red algae,Asparagopsis taxiformis,Indo-Pacific,NA,NA,NA,NA,15.52,NA,NA,NA,NA,NA,NA,
Angell et al. 2012,PLoS One,https://doi.org/10.1371/journal.pone.0038857,Rhodophyta,Red algae,Jania crassa,Indo-Pacific,NA,NA,NA,NA,4.11,NA,NA,NA,NA,NA,NA,
Angell et al. 2012,PLoS One,https://doi.org/10.1371/journal.pone.0038857,Rhodophyta,Red algae,Laurencia majuscula,Indo-Pacific,NA,NA,NA,NA,6.06,NA,NA,NA,NA,NA,NA,
Baghel et al. 2014,Bioresource Technology,https://doi.org/10.1016/j.biortech.2014.02.083,Rhodophyta,Red algae,Gelidiella acerosa,Indo-Pacific,NA,NA,NA,1.41,14.93,0.60725,NA,0.37785,645.5,NA,245.5,Converted values for major minerals and trace elements from mg per 100 g to percent and micrograms per gram
Baghel et al. 2014,Bioresource Technology,https://doi.org/10.1016/j.biortech.2014.02.083,Rhodophyta,Red algae,Gelidiopsis variabilis,Indo-Pacific,NA,NA,NA,1.27,17.62,0.8553,NA,1.6435,641,NA,50,Converted values for major minerals and trace elements from mg per 100 g to percent and micrograms per gram
Baghel et al. 2014,Bioresource Technology,https://doi.org/10.1016/j.biortech.2014.02.083,Rhodophyta,Red algae,Gelidium micropterum,Indo-Pacific,NA,NA,NA,1.08,18.45,0.3998,NA,0.4844,258,NA,74,Converted values for major minerals and trace elements from mg per 100 g to percent and micrograms per gram
Baghel et al. 2014,Bioresource Technology,https://doi.org/10.1016/j.biortech.2014.02.083,Rhodophyta,Red algae,Gelidium pusillum,Indo-Pacific,NA,NA,NA,1.32,19.31,0.2371,NA,0.7271,470,NA,51,Converted values for major minerals and trace elements from mg per 100 g to percent and micrograms per gram
Baghel et al. 2014,Bioresource Technology,https://doi.org/10.1016/j.biortech.2014.02.083,Rhodophyta,Red algae,Gracilaria corticata,Indo-Pacific,NA,NA,NA,1.53,15.08,0.3615,NA,0.31065,216.5,NA,160,Converted values for major minerals and trace elements from mg per 100 g to percent and micrograms per gram
Baghel et al. 2014,Bioresource Technology,https://doi.org/10.1016/j.biortech.2014.02.083,Rhodophyta,Red algae,Gracilaria corticata v. cylindrica,Indo-Pacific,NA,NA,NA,1.49,9.35,0.5217,NA,0.33605,304,NA,109,Converted values for major minerals and trace elements from mg per 100 g to percent and micrograms per gram
Baghel et al. 2014,Bioresource Technology,https://doi.org/10.1016/j.biortech.2014.02.083,Rhodophyta,Red algae,Gracilaria crassa,Indo-Pacific,NA,NA,NA,1.3,5.18,0.4385,NA,0.25563,297,NA,63.3,Converted values for major minerals and trace elements from mg per 100 g to percent and micrograms per gram
Baghel et al. 2014,Bioresource Technology,https://doi.org/10.1016/j.biortech.2014.02.083,Rhodophyta,Red algae,Gracilaria debilis,Indo-Pacific,NA,NA,NA,1.26,7.06,0.4294,NA,0.50625,260,NA,81,Converted values for major minerals and trace elements from mg per 100 g to percent and micrograms per gram
Baghel et al. 2014,Bioresource Technology,https://doi.org/10.1016/j.biortech.2014.02.083,Rhodophyta,Red algae,Gracilaria dura,Indo-Pacific,NA,NA,NA,1.02,5.33,0.44155,NA,0.25375,335.5,NA,59,Converted values for major minerals and trace elements from mg per 100 g to percent and micrograms per gram
Baghel et al. 2014,Bioresource Technology,https://doi.org/10.1016/j.biortech.2014.02.083,Rhodophyta,Red algae,Gracilaria edulis,Indo-Pacific,NA,NA,NA,0.98,9.83,0.3494,NA,0.6726,583,NA,67,Converted values for major minerals and trace elements from mg per 100 g to percent and micrograms per gram
Baghel et al. 2014,Bioresource Technology,https://doi.org/10.1016/j.biortech.2014.02.083,Rhodophyta,Red algae,Gracilaria fergusonii,Indo-Pacific,NA,NA,NA,0.65,8.91,0.39715,NA,0.2558,322.5,NA,59.5,Converted values for major minerals and trace elements from mg per 100 g to percent and micrograms per gram
Baghel et al. 2014,Bioresource Technology,https://doi.org/10.1016/j.biortech.2014.02.083,Rhodophyta,Red algae,Gracilaria folifera,Indo-Pacific,NA,NA,NA,1.47,15.16,0.33485,NA,0.2432,157,NA,73,Converted values for major minerals and trace elements from mg per 100 g to percent and micrograms per gram
Baghel et al. 2014,Bioresource Technology,https://doi.org/10.1016/j.biortech.2014.02.083,Rhodophyta,Red algae,Gracilaria salicornia,Indo-Pacific,NA,NA,NA,1.2,4.75,0.5105,NA,0.8815,708,NA,38,Converted values for major minerals and trace elements from mg per 100 g to percent and micrograms per gram
Baghel et al. 2014,Bioresource Technology,https://doi.org/10.1016/j.biortech.2014.02.083,Rhodophyta,Red algae,Gracilaria textorii,Indo-Pacific,NA,NA,NA,0.76,9.56,0.5015,NA,0.4049,317,NA,132.5,Converted values for major minerals and trace elements from mg per 100 g to percent and micrograms per gram
Baghel et al. 2014,Bioresource Technology,https://doi.org/10.1016/j.biortech.2014.02.083,Rhodophyta,Red algae,Gracilaria verrucosa,Indo-Pacific,NA,NA,NA,1.34,7.87,0.4983,NA,0.3059,880,NA,40.5,Converted values for major minerals and trace elements from mg per 100 g to percent and micrograms per gram
Banerjee et al. 2009,Journal of Earth System Science,https://doi.org/10.1007/s12040-009-0045-2,Rhodophyta,Red algae,Catenella repens,Indo-Pacific,NA,NA,26.6,0.21,9.68,NA,NA,NA,NA,NA,NA,Averaged values from samples taken across three sites and time periods
Barbarino & Lourenco 2005,Journal of Applied Phycology,https://doi.org/10.1007/s10811-005-1641-4,Chlorophyta,Green algae,Caulerpa fastigiata,Western Atlantic,NA,NA,NA,NA,7.74375,NA,NA,NA,NA,NA,NA,
Barbarino & Lourenco 2005,Journal of Applied Phycology,https://doi.org/10.1007/s10811-005-1641-4,Chlorophyta,Green algae,Codium decorticatum,Western Atlantic,NA,NA,NA,NA,7.485,NA,NA,NA,NA,NA,NA,
Barbarino & Lourenco 2005,Journal of Applied Phycology,https://doi.org/10.1007/s10811-005-1641-4,Chlorophyta,Green algae,Ulva fasciata,Western Atlantic,NA,NA,NA,NA,7.26625,NA,NA,NA,NA,NA,NA,
Barbarino & Lourenco 2005,Journal of Applied Phycology,https://doi.org/10.1007/s10811-005-1641-4,Ochrophyta,Brown algae,Chnoospora minima,Western Atlantic,NA,NA,NA,NA,7.88,NA,NA,NA,NA,NA,NA,
Barbarino & Lourenco 2005,Journal of Applied Phycology,https://doi.org/10.1007/s10811-005-1641-4,Ochrophyta,Brown algae,Dictyota menstrualis,Western Atlantic,NA,NA,NA,NA,6.5225,NA,NA,NA,NA,NA,NA,
Barbarino & Lourenco 2005,Journal of Applied Phycology,https://doi.org/10.1007/s10811-005-1641-4,Ochrophyta,Brown algae,Padina gymnospora,Western Atlantic,NA,NA,NA,NA,9.5175,NA,NA,NA,NA,NA,NA,
Barbarino & Lourenco 2005,Journal of Applied Phycology,https://doi.org/10.1007/s10811-005-1641-4,Ochrophyta,Brown algae,Sargassum vulgare,Western Atlantic,NA,NA,NA,NA,7.44,NA,NA,NA,NA,NA,NA,
Barbarino & Lourenco 2005,Journal of Applied Phycology,https://doi.org/10.1007/s10811-005-1641-4,Rhodophyta,Red algae,Aglaothamnion uruguayense,Western Atlantic,NA,NA,NA,NA,6.735,NA,NA,NA,NA,NA,NA,
Barbarino & Lourenco 2005,Journal of Applied Phycology,https://doi.org/10.1007/s10811-005-1641-4,Rhodophyta,Red algae,Pterocladiella capillacea,Western Atlantic,NA,NA,NA,NA,9.49625,NA,NA,NA,NA,NA,NA,
Bolser & Hay 1996,Ecology,https://doi.org/10.2307/2265730,Chlorophyta,Green algae,Udotea looensis,Caribbean,NA,NA,NA,NA,2.8,NA,NA,NA,NA,NA,NA,
Bolser & Hay 1996,Ecology,https://doi.org/10.2307/2265730,Ochrophyta,Brown algae,Dictyopteris justii,Caribbean,NA,NA,NA,NA,3,NA,NA,NA,NA,NA,NA,
Bolser & Hay 1996,Ecology,https://doi.org/10.2307/2265730,Ochrophyta,Brown algae,Dictyota alternans,Caribbean,NA,NA,NA,NA,1,NA,NA,NA,NA,NA,NA,
Bolser & Hay 1996,Ecology,https://doi.org/10.2307/2265730,Ochrophyta,Brown algae,Dictyota bartayresiana,Caribbean,NA,NA,NA,NA,2,NA,NA,NA,NA,NA,NA,
Bolser & Hay 1996,Ecology,https://doi.org/10.2307/2265730,Ochrophyta,Brown algae,Dictyota caribea,Caribbean,NA,NA,NA,NA,0.74,NA,NA,NA,NA,NA,NA,
Bolser & Hay 1996,Ecology,https://doi.org/10.2307/2265730,Ochrophyta,Brown algae,Dictyota cervicornis,Caribbean,NA,NA,NA,NA,0.17,NA,NA,NA,NA,NA,NA,
Bolser & Hay 1996,Ecology,https://doi.org/10.2307/2265730,Ochrophyta,Brown algae,Dictyota mertensii,Caribbean,NA,NA,NA,NA,1.1,NA,NA,NA,NA,NA,NA,
Bolser & Hay 1996,Ecology,https://doi.org/10.2307/2265730,Ochrophyta,Brown algae,Dictyota pulchella,Caribbean,NA,NA,NA,NA,1.883333,NA,NA,NA,NA,NA,NA,
Bolser & Hay 1996,Ecology,https://doi.org/10.2307/2265730,Ochrophyta,Brown algae,Lobophora variegata,Caribbean,NA,NA,NA,NA,4.3,NA,NA,NA,NA,NA,NA,
Bolser & Hay 1996,Ecology,https://doi.org/10.2307/2265730,Ochrophyta,Brown algae,Padina jamaicensis,Caribbean,NA,NA,NA,NA,1.5,NA,NA,NA,NA,NA,NA,
Bolser & Hay 1996,Ecology,https://doi.org/10.2307/2265730,Ochrophyta,Brown algae,Sargassum hystrix,Caribbean,NA,NA,NA,NA,2.9,NA,NA,NA,NA,NA,NA,
Bolser & Hay 1996,Ecology,https://doi.org/10.2307/2265730,Ochrophyta,Brown algae,Sargassum polyceratium,Caribbean,NA,NA,NA,NA,3,NA,NA,NA,NA,NA,NA,
Bolser & Hay 1996,Ecology,https://doi.org/10.2307/2265730,Rhodophyta,Red algae,Amphiroa fragilissima,Caribbean,NA,NA,NA,NA,1.3,NA,NA,NA,NA,NA,NA,
Bolser & Hay 1996 ,Ecology,https://doi.org/10.2307/2265730,Chlorophyta,Green algae,Udotea cyathiformis,Caribbean,NA,NA,NA,NA,0.39,NA,NA,NA,NA,NA,NA,
Bolser & Hay 1996 ,Ecology,https://doi.org/10.2307/2265730,Chlorophyta,Green algae,Udotea dixonii,Caribbean,NA,NA,NA,NA,1.2,NA,NA,NA,NA,NA,NA,
Bruggemann et al. 1994a,Marine Ecology Progress Series,,Epilithic algae matrix,Epilithic algae matrix,Epilithic turf algae,Caribbean,0.86,79.7,NA,NA,3.82,NA,NA,NA,NA,NA,NA,Averaged values of samples taken at four times of the day. Converted caloric values from kJ per g to kcal per g by dividing by 4.184. Converted values from % AFDW to % DW using the percent ash (79.725) to calculate the conversion factor % DW= 0.20275*% AFDW.
"Bruggemann et al., 1994b",Marine Ecology Progress Series,,Epilithic algae matrix,Epilithic algae matrix,Large turfs,Caribbean,0.93,NA,NA,NA,2.2,NA,NA,NA,NA,NA,NA,Converted values from % AFDW to % DW using the percent ash (79.725) to calculate the conversion factor % DW= 0.20275*% AFDW. This value for percent ash was reported in Bruggeman et al. 1994b. Since samples from Bruggeman et al. 1994b were collected from the same site and at a similar time of year so values of ash should be comparable.
"Bruggemann et al., 1994b",Marine Ecology Progress Series,,Epilithic algae matrix,Epilithic algae matrix,Sparse turfs on endolithic algae or crustose coralline algae,Caribbean,0.86,NA,NA,NA,2.42,NA,NA,NA,NA,NA,NA,Converted values from % AFDW to % DW using the percent ash (79.725) to calculate the conversion factor % DW= 0.20275*% AFDW. This value for percent ash was reported in Bruggeman et al. 1994b. Since samples from Bruggeman et al. 1994b were collected from the same site and at a similar time of year so values of ash should be comparable.
"Bruggemann et al., 1994b",Marine Ecology Progress Series,,Epilithic algae matrix,Epilithic algae matrix,Endolithic algae,Caribbean,1.15,NA,NA,NA,1.91,NA,NA,NA,NA,NA,NA,Converted values from % AFDW to % DW using the percent ash (79.725) to calculate the conversion factor % DW= 0.20275*% AFDW. This value for percent ash was reported in Bruggeman et al. 1994b. Since samples from Bruggeman et al. 1994b were collected from the same site and at a similar time of year so values of ash should be comparable.
"Bruggemann et al., 1994b",Marine Ecology Progress Series,,Rhodophyta,Red algae,Crutose coralline algae assemblage,Caribbean,0.97,NA,NA,NA,1.22,NA,NA,NA,NA,NA,NA,Converted values from % AFDW to % DW using the percent ash (79.725) to calculate the conversion factor % DW= 0.20275*% AFDW. This value for percent ash was reported in Bruggeman et al. 1994b. Since samples from Bruggeman et al. 1994b were collected from the same site and at a similar time of year so values of ash should be comparable.
Cano Mallo et al. 2007,Hidrobiológica,,Chlorophyta,Green algae,Ulva fasciata,Caribbean,NA,32.4,12.3,2.7,11.55,NA,NA,NA,NA,NA,NA,Extracted data from graph using WebPlotDigitizer. Averaged values taken across multiple months.
Chakraborty & Santra 2008,Indian Journal of Geo-Marine Sciences,,Chlorophyta,Green algae,Rhizoclonium riparium,Indo-Pacific,NA,NA,15.34,3.37,21.09,NA,NA,NA,NA,NA,NA,
Chakraborty & Santra 2008,Indian Journal of Geo-Marine Sciences,,Chlorophyta,Green algae,Ulva intestinalis,Indo-Pacific,NA,NA,30.58,7.13,6.15,NA,NA,NA,NA,NA,NA,
Chakraborty & Santra 2008,Indian Journal of Geo-Marine Sciences,,Chlorophyta,Green algae,Ulva lactuca,Indo-Pacific,NA,NA,35.27,4.36,8.44,NA,NA,NA,NA,NA,NA,
Chakraborty & Santra 2008,Indian Journal of Geo-Marine Sciences,,Ochrophyta,Brown algae,Dictyota ceylinica,Indo-Pacific,NA,NA,18.52,2.61,3.33,NA,NA,NA,NA,NA,NA,
Chakraborty & Santra 2008,Indian Journal of Geo-Marine Sciences,,Rhodophyta,Red algae,Catenella repens,Indo-Pacific,NA,NA,28.96,5.29,8.42,NA,NA,NA,NA,NA,NA,
Chakraborty & Santra 2008,Indian Journal of Geo-Marine Sciences,,Rhodophyta,Red algae,Gelidiella acerosa,Indo-Pacific,NA,NA,14.34,3.83,9.18,NA,NA,NA,NA,NA,NA,
Chakraborty & Santra 2008,Indian Journal of Geo-Marine Sciences,,Rhodophyta,Red algae,Polysiphonia mollis,Indo-Pacific,NA,NA,25.81,5.79,16.59,NA,NA,NA,NA,NA,NA,
Coen 1988,Journal of Experimental Marine Biology and Ecology,https://doi.org/10.1016/0022-0981(88)90127-X,Rhodophyta,Red algae,Laurencia papillosa,Caribbean,1.565,59.5,NA,NA,NA,NA,NA,NA,NA,NA,NA,
Coen 1988,Journal of Experimental Marine Biology and Ecology,https://doi.org/10.1016/0022-0981(88)90127-X,Ochrophyta,Brown algae,Padina boergesenii,Caribbean,2.498,37.43,NA,NA,NA,NA,NA,NA,NA,NA,NA,
Coen 1988,Journal of Experimental Marine Biology and Ecology,https://doi.org/10.1016/0022-0981(88)90127-X,Rhodophyta,Red algae,Acanthophora spicifera,Caribbean,2.14,51.07,NA,NA,NA,NA,NA,NA,NA,NA,NA,
Coen 1988,Journal of Experimental Marine Biology and Ecology,https://doi.org/10.1016/0022-0981(88)90127-X,Ochrophyta,Brown algae,Lobophora variegata,Caribbean,2.656,32.94,NA,NA,NA,NA,NA,NA,NA,NA,NA,Averaged values from three different forms of this species
Coen 1988,Journal of Experimental Marine Biology and Ecology,https://doi.org/10.1016/0022-0981(88)90127-X,Ochrophyta,Brown algae,Stypopodium zonale,Caribbean,3.694,17.94,NA,NA,NA,NA,NA,NA,NA,NA,NA,
Crossman et al. 2001,Limnology and Oceanography,https://doi.org/10.4319/lo.2001.46.7.1596,Epilithic algae matrix,Epilithic algae matrix,Detritus within EAM,Indo-Pacific,NA,84.3,NA,NA,2.48,NA,NA,NA,NA,NA,NA,Protein values (as TAA) converted from mg per g to percent. 
Crossman et al. 2001,Limnology and Oceanography,https://doi.org/10.4319/lo.2001.46.7.1596,Epilithic algae matrix,Epilithic algae matrix,Detritus within EAM,Indo-Pacific,NA,80.2,NA,NA,1.78,NA,NA,NA,NA,NA,NA,Protein values (as TAA) converted from mg per g to percent. 
Crossman et al. 2001,Limnology and Oceanography,https://doi.org/10.4319/lo.2001.46.7.1596,Epilithic algae matrix,Epilithic algae matrix,Detritus within EAM,Indo-Pacific,NA,79.5,NA,NA,2.14,NA,NA,NA,NA,NA,NA,Protein values (as TAA) converted from mg per g to percent. 
Crossman et al. 2001,Limnology and Oceanography,https://doi.org/10.4319/lo.2001.46.7.1596,Epilithic algae matrix,Epilithic algae matrix,Detritus within EAM,Indo-Pacific,NA,80.7,NA,NA,2.26,NA,NA,NA,NA,NA,NA,Protein values (as TAA) converted from mg per g to percent. 
Crossman et al. 2001,Limnology and Oceanography,https://doi.org/10.4319/lo.2001.46.7.1596,Epilithic algae matrix,Epilithic algae matrix,Detritus within EAM,Indo-Pacific,NA,82.5,NA,NA,1.91,NA,NA,NA,NA,NA,NA,Protein values (as TAA) converted from mg per g to percent. 
Crossman et al. 2001,Limnology and Oceanography,https://doi.org/10.4319/lo.2001.46.7.1596,Epilithic algae matrix,Epilithic algae matrix,Algae within EAM,Indo-Pacific,NA,78.8,NA,NA,1.2,NA,NA,NA,NA,NA,NA,Protein values (as TAA) converted from mg per g to percent. 
Crossman et al. 2001,Limnology and Oceanography,https://doi.org/10.4319/lo.2001.46.7.1596,Epilithic algae matrix,Epilithic algae matrix,Algae within EAM,Indo-Pacific,NA,80.5,NA,NA,1.39,NA,NA,NA,NA,NA,NA,Protein values (as TAA) converted from mg per g to percent. 
Crossman et al. 2001,Limnology and Oceanography,https://doi.org/10.4319/lo.2001.46.7.1596,Epilithic algae matrix,Epilithic algae matrix,Algae within EAM,Indo-Pacific,NA,85.7,NA,NA,1.12,NA,NA,NA,NA,NA,NA,Protein values (as TAA) converted from mg per g to percent. 
Crossman et al. 2001,Limnology and Oceanography,https://doi.org/10.4319/lo.2001.46.7.1596,Epilithic algae matrix,Epilithic algae matrix,Algae within EAM,Indo-Pacific,NA,86.5,NA,NA,11.3,NA,NA,NA,NA,NA,NA,Protein values (as TAA) converted from mg per g to percent. 
Crossman et al. 2001,Limnology and Oceanography,https://doi.org/10.4319/lo.2001.46.7.1596,Epilithic algae matrix,Epilithic algae matrix,Algae within EAM,Indo-Pacific,NA,80.9,NA,NA,0.89,NA,NA,NA,NA,NA,NA,Protein values (as TAA) converted from mg per g to percent. 
Diniz et al. 2011,American Journal of Plant Sciences,https://doi.org/10.4236/ajps.2011.23032,Ochrophyta,Brown algae,Sargassum filipendula,Western Atlantic,NA,NA,16.8,2.92,8.72,NA,0.27,NA,NA,NA,NA,
Diniz et al. 2011,American Journal of Plant Sciences,https://doi.org/10.4236/ajps.2011.23032,Rhodophyta,Red algae,Asparagopsis taxiformis,Western Atlantic,NA,NA,22.9,4.8,11.7,NA,0.3,NA,NA,NA,NA,
Diniz et al. 2011,American Journal of Plant Sciences,https://doi.org/10.4236/ajps.2011.23032,Rhodophyta,Red algae,Centroceras clavulatum,Western Atlantic,NA,NA,27.1,2.78,11.3,NA,0.54,NA,NA,NA,NA,
Diniz et al. 2011,American Journal of Plant Sciences,https://doi.org/10.4236/ajps.2011.23032,Rhodophyta,Red algae,Spyridia hypnoides,Western Atlantic,NA,NA,27.7,4.2,10.7,NA,0.39,NA,NA,NA,NA,
Dromard et al. 2014,Journal of Sea Research ,https://doi.org/10.1016/j.seares.2014.07.014,Epilithic algae matrix,Epilithic algae matrix,Algal turf,Caribbean,NA,NA,78.6,15.9,5.5,NA,NA,NA,NA,NA,NA,Total carbohydrates summed from values of soluble and insoluble carbohydrates
Dromard et al. 2014,Journal of Sea Research ,https://doi.org/10.1016/j.seares.2014.07.014,Rhodophyta,Red algae,Acanthophora spicifera,Caribbean,NA,NA,78.5,7.1,14.4,NA,NA,NA,NA,NA,NA,Total carbohydrates summed from values of soluble and insoluble carbohydrates
Dromard et al. 2014,Journal of Sea Research ,https://doi.org/10.1016/j.seares.2014.07.014,Ochrophyta,Brown algae,Dictyota pulchella ,Caribbean,NA,NA,50,25.5,24.5,NA,NA,NA,NA,NA,NA,Total carbohydrates summed from values of soluble and insoluble carbohydrates
Dromard et al. 2014,Journal of Sea Research ,https://doi.org/10.1016/j.seares.2014.07.014,Rhodophyta,Red algae,Amphiroa fragilissima ,Caribbean,NA,NA,88.2,5.4,6.4,NA,NA,NA,NA,NA,NA,Total carbohydrates summed from values of soluble and insoluble carbohydrates
Dromard et al. 2014,Journal of Sea Research ,https://doi.org/10.1016/j.seares.2014.07.014,Rhodophyta,Red algae,Tricleocarpa fragilis ,Caribbean,NA,NA,84.9,2.4,10.9,NA,NA,NA,NA,NA,NA,Total carbohydrates summed from values of soluble and insoluble carbohydrates
Freile-Pelegrin & Robledo 2006 ,Botanica Marina,https://doi.org/10.1515/BOT.2006.009,Rhodophyta,Red algae,Eucheuma isiforme,Caribbean,NA,NA,NA,,9.199333,NA,NA,NA,NA,NA,NA,
Gressler et al. 2010,Food Chemistry,https://doi.org/10.1016/j.foodchem.2009.10.028,Rhodophyta,Red algae,Gracilaria birdiae,Western Atlantic,NA,22.5,NA,1.3,7.1,NA,NA,NA,NA,NA,NA,
Gressler et al. 2010,Food Chemistry,https://doi.org/10.1016/j.foodchem.2009.10.028,Rhodophyta,Red algae,Gracilaria domingensis,Western Atlantic,NA,23.8,NA,1.3,6.2,NA,NA,NA,NA,NA,NA,
Gressler et al. 2010,Food Chemistry,https://doi.org/10.1016/j.foodchem.2009.10.028,Rhodophyta,Red algae,Laurencia filiformis,Western Atlantic,NA,38.4,NA,6.2,18.3,NA,NA,NA,NA,NA,NA,
Gressler et al. 2010,Food Chemistry,https://doi.org/10.1016/j.foodchem.2009.10.028,Rhodophyta,Red algae,Laurencia intricata,Western Atlantic,NA,33.5,NA,1.1,4.6,NA,NA,NA,NA,NA,NA,
Gressler et al. 2011,Journal of the Science of Food and Agriculture,https://doi.org/10.1002/jsfa.4370,Rhodophyta,Red algae,Ochtodes secundiramea,Western Atlantic,NA,NA,45.07,3.54,10.1,NA,NA,NA,NA,NA,NA,
Gressler et al. 2011,Journal of the Science of Food and Agriculture,https://doi.org/10.1002/jsfa.4370,Rhodophyta,Red algae,Plocamium brasiliense,Western Atlantic,NA,NA,52.03,3.63,15.72,NA,NA,NA,NA,NA,NA,
Hong et al. 2007,Journal of Applied Phycology,https://doi.org/10.1007/s10811-007-9228-x,Chlorophyta,Green algae,Ulva reticulata,Indo-Pacific,NA,13.2,68.9,1.9,9.8,NA,0.061,1.94,991.03,8.61,24.41,
Hong et al. 2007,Journal of Applied Phycology,https://doi.org/10.1007/s10811-007-9228-x,Chlorophyta,Green algae,Caulerpa racemosa,Indo-Pacific,NA,14.5,75.3,2.2,5.8,NA,0.12,5.92,154.02,2.73,12.22,
Hong et al. 2007,Journal of Applied Phycology,https://doi.org/10.1007/s10811-007-9228-x,Rhodophyta,Red algae,Gelidiella acerosa,Indo-Pacific,NA,20.4,67.7,1,6.3,NA,0.061,7.91,2.72,3.64,23.33,
Hong et al. 2007,Journal of Applied Phycology,https://doi.org/10.1007/s10811-007-9228-x,Rhodophyta,Red algae,Laurencia obtusa,Indo-Pacific,NA,30.1,51.3,1.7,4.5,NA,0.062,4.63,104.04,4.63,8.014,
Hong et al. 2007,Journal of Applied Phycology,https://doi.org/10.1007/s10811-007-9228-x,Rhodophyta,Red algae,Gracilaria tenuistipitata,Indo-Pacific,NA,26.5,70.5,1,6.9,NA,0.111,1.04,128.81,14.92,37.13,
Hong et al. 2007,Journal of Applied Phycology,https://doi.org/10.1007/s10811-007-9228-x,Ochrophyta,Brown algae,Sargassum mcclurei,Indo-Pacific,NA,38.1,39.1,1.2,7.6,NA,0.082,9.76,1301,10.92,33.92,
Jayasankar & Kulandaivelu 1999,Indian Journal of Marine Sciences,,Rhodophyta,Red algae,Gracilaria conlcata,Indo-Pacific,NA,NA,22.43,1.11,6.6,NA,NA,NA,NA,NA,NA,Extracted data from graph using WebPlotDigitizer. Data were averaged across values taken monthly over the course of a year.
Jayasankar & Kulandaivelu 1999,Indian Journal of Marine Sciences,,Rhodophyta,Red algae,Gracilaria crassa,Indo-Pacific,NA,NA,28.7,1.06,4.2,NA,NA,NA,NA,NA,NA,Extracted data from graph using WebPlotDigitizer. Data were averaged across values taken monthly over the course of a year.
Jayasankar & Kulandaivelu 1999,Indian Journal of Marine Sciences,,Rhodophyta,Red algae,Gracilaria edulis,Indo-Pacific,NA,NA,31.23,1.8,4.2,NA,NA,NA,NA,NA,NA,Extracted data from graph using WebPlotDigitizer. Data were averaged across values taken monthly over the course of a year.
Kaehler & Kennish 1996,Botanica Marina,https://doi.org/10.1515/botm.1996.39.1-6.11,Chlorophyta,Green algae,Cladophora deliculata,Indo-Pacific,3.49,29.9,NA,1.7,10.6,NA,NA,NA,NA,NA,NA,Converted kJ per g to kcal per g by dividing by 4.184
Kaehler & Kennish 1996,Botanica Marina,https://doi.org/10.1515/botm.1996.39.1-6.11,Chlorophyta,Green algae,Cladophora divergens,Indo-Pacific,3.39,23.2,NA,1.4,2.4,NA,NA,NA,NA,NA,NA,Converted kJ per g to kcal per g by dividing by 4.184
Kaehler & Kennish 1996,Botanica Marina,https://doi.org/10.1515/botm.1996.39.1-6.11,Chlorophyta,Green algae,Ulva clathrata,Indo-Pacific,2.34,38.3,NA,0.7,1.6,NA,NA,NA,NA,NA,NA,Converted kJ per g to kcal per g by dividing by 4.184
Kaehler & Kennish 1996,Botanica Marina,https://doi.org/10.1515/botm.1996.39.1-6.11,Chlorophyta,Green algae,Ulva fasciata,Indo-Pacific,2.49,32.9,NA,0.7,1.3,NA,NA,NA,NA,NA,NA,Converted kJ per g to kcal per g by dividing by 4.184
Kaehler & Kennish 1996,Botanica Marina,https://doi.org/10.1515/botm.1996.39.1-6.11,Ochrophyta,Brown algae,Hincksia mitchelliae,Indo-Pacific,3.68,22.7,NA,1.4,9.9,NA,NA,NA,NA,NA,NA,Converted kJ per g to kcal per g by dividing by 4.184
Kaehler & Kennish 1996,Botanica Marina,https://doi.org/10.1515/botm.1996.39.1-6.11,Ochrophyta,Brown algae,Ralfsia expansa,Indo-Pacific,3.8,15.6,NA,1.9,2.9,NA,NA,NA,NA,NA,NA,Converted kJ per g to kcal per g by dividing by 4.184
Kaehler & Kennish 1996,Botanica Marina,https://doi.org/10.1515/botm.1996.39.1-6.11,Rhodophyta,Red algae,Pterocladia tenuis,Indo-Pacific,4.02,16.7,NA,1.2,3.5,NA,NA,NA,NA,NA,NA,Values averaged from samples taken in February and July. Converted kJ per g to kcal per g by dividing by 4.184
Kaehler & Kennish 1997,Botanica Marina,https://doi.org/10.1515/botm.1996.39.1-6.11,Epilithic algae matrix,Epilithic algae matrix,Green turf,Indo-Pacific,4.92,32.3,NA,1.5,3.6,NA,NA,NA,NA,NA,NA,Averaged reported values of red turf from June and July. Converted kJ per g to kcal per g by dividing by 4.184
Kaehler & Kennish 1998,Botanica Marina,https://doi.org/10.1515/botm.1996.39.1-6.11,Epilithic algae matrix,Epilithic algae matrix,Red turf,Indo-Pacific,3.08,32.7,NA,0.55,3.45,NA,NA,NA,NA,NA,NA,Converted kJ per g to kcal per g by dividing by 4.184
Kaehler & Kennish 1999,Botanica Marina,https://doi.org/10.1515/botm.1996.39.1-6.11,Rhodophyta,Red algae,Crutose coralline algae assemblage,Indo-Pacific,0.53,75.2,NA,0.5,3.9,NA,NA,NA,NA,NA,NA,Converted kJ per g to kcal per g by dividing by 4.184
Kandasamy et al. 2012,Fisheries Science,https://doi.org/10.1007%2Fs12562-011-0423-y,Chlorophyta,Green algae,Ulva compressa,Indo-Pacific,NA,NA,NA,NA,17.48,NA,NA,NA,NA,NA,NA,
Kandasamy et al. 2012,Fisheries Science,https://doi.org/10.1007%2Fs12562-011-0423-y,Chlorophyta,Green algae,Ulva linza,Indo-Pacific,NA,NA,NA,NA,12.5,NA,NA,NA,NA,NA,NA,
Kandasamy et al. 2012,Fisheries Science,https://doi.org/10.1007%2Fs12562-011-0423-y,Chlorophyta,Green algae,Ulva tubulosa,Indo-Pacific,NA,NA,NA,NA,19.09,NA,NA,NA,NA,NA,NA,
Kasimala et al. 2020,Indian Journal of Geo-Marine Sciences,,Chlorophyta,Green algae,Halimeda opuntia,Indo-Pacific,NA,37.28,24.85,1.42,7.2,NA,NA,NA,NA,NA,NA,
Kasimala et al. 2020,Indian Journal of Geo-Marine Sciences,,Chlorophyta,Green algae,Ulva clathrata,Indo-Pacific,NA,31.28,22.97,1.79,13.64,NA,NA,NA,NA,NA,NA,
Kasimala et al. 2020,Indian Journal of Geo-Marine Sciences,,Chlorophyta,Green algae,Ulva compressa,Indo-Pacific,NA,29.1,24.05,1.83,11.15,NA,NA,NA,NA,NA,NA,
Kasimala et al. 2020,Indian Journal of Geo-Marine Sciences,,Chlorophyta,Green algae,Caulerpha sertularioides,Indo-Pacific,NA,34.12,21.23,1.3,13.28,NA,NA,NA,NA,NA,NA,
Kasimala et al. 2020,Indian Journal of Geo-Marine Sciences,,Ochrophyta,Brown algae,Padina borengesnii,Indo-Pacific,NA,30.3,26.25,0.56,7.08,NA,NA,NA,NA,NA,NA,
Kasimala et al. 2020,Indian Journal of Geo-Marine Sciences,,Ochrophyta,Brown algae,Dictyota dichotoma,Indo-Pacific,NA,45.19,22.02,0.67,8.16,NA,NA,NA,NA,NA,NA,
Kasimala et al. 2020,Indian Journal of Geo-Marine Sciences,,Ochrophyta,Brown algae,Dictyota ciliolate,Indo-Pacific,NA,50.91,24.25,0.51,7.66,NA,NA,NA,NA,NA,NA,
Kasimala et al. 2020,Indian Journal of Geo-Marine Sciences,,Ochrophyta,Brown algae,Sargassum subrepandum,Indo-Pacific,NA,26.86,28.11,1.42,6.93,NA,NA,NA,NA,NA,NA,
Kasimala et al. 2020,Indian Journal of Geo-Marine Sciences,,Rhodophyta,Red algae,Gracillaria canaliculata,Indo-Pacific,NA,37.52,19.15,0.29,11.18,NA,NA,NA,NA,NA,NA,
"Lison De Loma et al., 2000",Oceanologica Acta,https://doi.org/10.1016/S0399-1784(00)01122-1,Epilithic algae matrix,Epilithic algae matrix,Turf algae assemblages,Indo-Pacific,NA,NA,14.57,2.61,3.59,NA,NA,NA,NA,NA,NA,Converted values from mg per g to percentages. Total carbohydrates calculated as insoluble + soluble carbohydrates.
"Lison De Loma et al., 2000",Oceanologica Acta,https://doi.org/10.1016/S0399-1784(00)01122-1,Epilithic algae matrix,Epilithic algae matrix,Turf algae assemblages,Indo-Pacific,NA,NA,13.49,2.04,2.75,NA,NA,NA,NA,NA,NA,Converted values from mg per g to percentages. Total carbohydrates calculated as insoluble + soluble carbohydrates. EAM samples are from the territory of a damselfish.
Lourenço et al. 2002,Phycological Research,https://doi.org/10.1046/j.1440-1835.2002.00278.x,Chlorophyta,Green algae,Caulerpa fastigiata,Western Atlantic,NA,NA,NA,NA,20.24,NA,NA,NA,NA,NA,NA,
Lourenço et al. 2002,Phycological Research,https://doi.org/10.1046/j.1440-1835.2002.00278.x,Chlorophyta,Green algae,Caulerpa racemosa,Western Atlantic,NA,NA,NA,NA,14.73,NA,NA,NA,NA,NA,NA,
Lourenço et al. 2002,Phycological Research,https://doi.org/10.1046/j.1440-1835.2002.00278.x,Chlorophyta,Green algae,Codium decorticatum,Western Atlantic,NA,NA,NA,NA,12.02,NA,NA,NA,NA,NA,NA,
Lourenço et al. 2002,Phycological Research,https://doi.org/10.1046/j.1440-1835.2002.00278.x,Chlorophyta,Green algae,Codium spongiosum,Western Atlantic,NA,NA,NA,NA,11.17,NA,NA,NA,NA,NA,NA,
Lourenço et al. 2002,Phycological Research,https://doi.org/10.1046/j.1440-1835.2002.00278.x,Chlorophyta,Green algae,Codium taylorii,Western Atlantic,NA,NA,NA,NA,13.65,NA,NA,NA,NA,NA,NA,
Lourenço et al. 2002,Phycological Research,https://doi.org/10.1046/j.1440-1835.2002.00278.x,Chlorophyta,Green algae,Ulva fasciata,Western Atlantic,NA,NA,NA,NA,13.72,NA,NA,NA,NA,NA,NA,
Lourenço et al. 2002,Phycological Research,https://doi.org/10.1046/j.1440-1835.2002.00278.x,Ochrophyta,Brown algae,Chnoospora minima,Western Atlantic,NA,NA,NA,NA,10.75,NA,NA,NA,NA,NA,NA,
Lourenço et al. 2002,Phycological Research,https://doi.org/10.1046/j.1440-1835.2002.00278.x,Ochrophyta,Brown algae,Dictyota menstrualis,Western Atlantic,NA,NA,NA,NA,15.94,NA,NA,NA,NA,NA,NA,
Lourenço et al. 2002,Phycological Research,https://doi.org/10.1046/j.1440-1835.2002.00278.x,Ochrophyta,Brown algae,Padina gymnospora,Western Atlantic,NA,NA,NA,NA,13.76,NA,NA,NA,NA,NA,NA,
Lourenço et al. 2002,Phycological Research,https://doi.org/10.1046/j.1440-1835.2002.00278.x,Ochrophyta,Brown algae,Sargassum vulgare,Western Atlantic,NA,NA,NA,NA,11.04,NA,NA,NA,NA,NA,NA,
Lourenço et al. 2002,Phycological Research,https://doi.org/10.1046/j.1440-1835.2002.00278.x,Rhodophyta,Red algae,Aglaothamnion uruguayense,Western Atlantic,NA,NA,NA,NA,23.05,NA,NA,NA,NA,NA,NA,
Lourenço et al. 2002,Phycological Research,https://doi.org/10.1046/j.1440-1835.2002.00278.x,Rhodophyta,Red algae,Cryptonemia seminervis,Western Atlantic,NA,NA,NA,NA,19.08,NA,NA,NA,NA,NA,NA,
Lourenço et al. 2002,Phycological Research,https://doi.org/10.1046/j.1440-1835.2002.00278.x,Rhodophyta,Red algae,Gracilaria domingensis,Western Atlantic,NA,NA,NA,NA,10.78,NA,NA,NA,NA,NA,NA,
Lourenço et al. 2002,Phycological Research,https://doi.org/10.1046/j.1440-1835.2002.00278.x,Rhodophyta,Red algae,Gracilariopsis tenuifrons,Western Atlantic,NA,NA,NA,NA,14.25,NA,NA,NA,NA,NA,NA,
Lourenço et al. 2002,Phycological Research,https://doi.org/10.1046/j.1440-1835.2002.00278.x,Rhodophyta,Red algae,Laurencia flagellifera,Western Atlantic,NA,NA,NA,NA,12.63,NA,NA,NA,NA,NA,NA,
Lourenço et al. 2002,Phycological Research,https://doi.org/10.1046/j.1440-1835.2002.00278.x,Rhodophyta,Red algae,Plocamium brasiliense,Western Atlantic,NA,NA,NA,NA,18.78,NA,NA,NA,NA,NA,NA,
Lourenço et al. 2002,Phycological Research,https://doi.org/10.1046/j.1440-1835.2002.00278.x,Rhodophyta,Red algae,Pterocladiella capillacea,Western Atlantic,NA,NA,NA,NA,14.56,NA,NA,NA,NA,NA,NA,
Marinho-Soriano et al. 2006,Bioresource Technology,https://doi.org/10.1016/j.biortech.2005.10.014,Ochrophyta,Brown algae,Sargassum vulgare,Western Atlantic,NA,19.43,61.61,0.49,13.57,NA,NA,NA,NA,NA,NA,Extracted data from graph using WebPlotDigitizer. Averaged values taken monthly over a year.
Marinho-Soriano et al. 2006,Bioresource Technology,https://doi.org/10.1016/j.biortech.2005.10.014,Rhodophyta,Red algae,Gracilaria cervicornis,Western Atlantic,NA,10.52,63.13,0.43,19.77,NA,NA,NA,NA,NA,NA,Extracted data from graph using WebPlotDigitizer. Averaged values taken monthly over a year.
Matanjun et al. 2009,Journal of Applied Phycology,https://doi.org/10.1007%2Fs10811-008-9326-4,Rhodophyta,Red algae,Eucheuma cottonii,Indo-Pacific,NA,46.19,26.49,1.1,9.76,0.27133,NA,0.32969,26.1,0.3,43,
Matanjun et al. 2009,Journal of Applied Phycology,https://doi.org/10.1007%2Fs10811-008-9326-4,Chlorophyta,Green algae,Caulerpa lentillifera,Indo-Pacific,NA,37.15,38.66,1.11,10.41,1.02862,NA,1.87474,213.7,1.1,35.1,
Matanjun et al. 2009,Journal of Applied Phycology,https://doi.org/10.1007%2Fs10811-008-9326-4,Ochrophyta,Brown algae,Sargassum polycystum,Indo-Pacific,NA,42.4,33.49,0.29,5.4,0.48781,NA,3.79206,682.1,0.3,21.5,
McDermid & Stuercke 2003,Journal of Applied Phycology,https://doi.org/10.1023/B:JAPH.0000004345.31686.7f,Chlorophyta,Green algae,Caulerpa lentillifera,Indo-Pacific,1.517,46.4,NA,7.2,9.7,1.65,0.16,0.95,167,6,17,Converted calories from cal per g to kcal per g.
McDermid & Stuercke 2003,Journal of Applied Phycology,https://doi.org/10.1023/B:JAPH.0000004345.31686.7f,Chlorophyta,Green algae,Codium reediae,Indo-Pacific,0.644,63.9,NA,5.7,8.75,1.71,0.115,0.93,143.5,1,3,Converted calories from cal per g to kcal per g. Averaged two reported values for this species.
McDermid & Stuercke 2003,Journal of Applied Phycology,https://doi.org/10.1023/B:JAPH.0000004345.31686.7f,Chlorophyta,Green algae,Monostroma oxyspermum,Indo-Pacific,3.033,22.4,NA,3.8,9.6,1.36,0.35,0.58,142,28,32,Converted calories from cal per g to kcal per g.
McDermid & Stuercke 2003,Journal of Applied Phycology,https://doi.org/10.1023/B:JAPH.0000004345.31686.7f,Chlorophyta,Green algae,Ulva fasciata,Indo-Pacific,2.5695,28.8,NA,4.35,10.55,2.565,0.22,0.43,113.5,3,7.5,Converted calories from cal per g to kcal per g. Averaged two reported values for this species.
McDermid & Stuercke 2003,Journal of Applied Phycology,https://doi.org/10.1023/B:JAPH.0000004345.31686.7f,Chlorophyta,Green algae,Ulva flexuosa,Indo-Pacific,2.646,23.2,NA,5.6,7.9,1.17,0.1,0.74,104,3,6,Converted calories from cal per g to kcal per g.
McDermid & Stuercke 2003,Journal of Applied Phycology,https://doi.org/10.1023/B:JAPH.0000004345.31686.7f,Chlorophyta,Green algae,Ulva intestinalis,Indo-Pacific,2.427,29.2,NA,5.2,11.4,NA,NA,NA,NA,NA,NA,Converted calories from cal per g to kcal per g.
McDermid & Stuercke 2003,Journal of Applied Phycology,https://doi.org/10.1023/B:JAPH.0000004345.31686.7f,Ochrophyta,Brown algae,Dictyota acutiloba,Indo-Pacific,2.424,28.9,NA,16.1,12,1.36,0.16,1.03,438,5,16,Converted calories from cal per g to kcal per g.
McDermid & Stuercke 2003,Journal of Applied Phycology,https://doi.org/10.1023/B:JAPH.0000004345.31686.7f,Ochrophyta,Brown algae,Dictyota sandvicensis,Indo-Pacific,3.054,28.9,NA,20.2,6.4,0.91,0.13,1.81,608,5,13,Converted calories from cal per g to kcal per g.
McDermid & Stuercke 2003,Journal of Applied Phycology,https://doi.org/10.1023/B:JAPH.0000004345.31686.7f,Ochrophyta,Brown algae,Sargassum echinocarpum,Indo-Pacific,2.114,32,NA,3.8,10.3,1.16,0.14,1.31,92,11,7,Converted calories from cal per g to kcal per g.
McDermid & Stuercke 2003,Journal of Applied Phycology,https://doi.org/10.1023/B:JAPH.0000004345.31686.7f,Ochrophyta,Brown algae,Sargassum obtusifolium,Indo-Pacific,2.277,28.9,NA,2.6,13,0.93,0.14,1.5,129,9,16,Converted calories from cal per g to kcal per g.
McDermid & Stuercke 2003,Journal of Applied Phycology,https://doi.org/10.1023/B:JAPH.0000004345.31686.7f,Rhodophyta,Red algae,Ahnfeltiopsis concinna,Indo-Pacific,2.2535,23.25,NA,1.65,5.4,0.815,0.105,0.465,79,3,16,Converted calories from cal per g to kcal per g. Averaged two reported values for this species.
McDermid & Stuercke 2003,Journal of Applied Phycology,https://doi.org/10.1023/B:JAPH.0000004345.31686.7f,Rhodophyta,Red algae,Asparagopsis taxiformis,Indo-Pacific,1.879,37.45,NA,3.6,7.75,NA,NA,NA,NA,NA,NA,Converted calories from cal per g to kcal per g. Averaged two reported values for this species.
McDermid & Stuercke 2003,Journal of Applied Phycology,https://doi.org/10.1023/B:JAPH.0000004345.31686.7f,Rhodophyta,Red algae,Eucheuma denticulatum,Indo-Pacific,1.313,43.6,NA,2.2,4.9,NA,NA,NA,NA,NA,NA,Converted calories from cal per g to kcal per g.
McDermid & Stuercke 2003,Journal of Applied Phycology,https://doi.org/10.1023/B:JAPH.0000004345.31686.7f,Rhodophyta,Red algae,Gracilaria coronopifolia,Indo-Pacific,1.266,53.4,NA,2.1,10.5,0.34,0.38,0.18,136,2,42,Converted calories from cal per g to kcal per g.
McDermid & Stuercke 2003,Journal of Applied Phycology,https://doi.org/10.1023/B:JAPH.0000004345.31686.7f,Rhodophyta,Red algae,Gracilaria parvispora,Indo-Pacific,1.358,48.1,NA,2.8,7.6,0.49,0.15,0.38,198,3,8,Converted calories from cal per g to kcal per g.
McDermid & Stuercke 2003,Journal of Applied Phycology,https://doi.org/10.1023/B:JAPH.0000004345.31686.7f,Rhodophyta,Red algae,Gracilaria salicornia,Indo-Pacific,1.012,52.9,NA,2.4,5.6,0.51,0.17,0.73,356,5,16,Converted calories from cal per g to kcal per g.
McDermid & Stuercke 2003,Journal of Applied Phycology,https://doi.org/10.1023/B:JAPH.0000004345.31686.7f,Rhodophyta,Red algae,Halymenia formosa,Indo-Pacific,1.901,38.3,NA,2.9,21.2,1.25,0.21,0.53,66,4,22,Converted calories from cal per g to kcal per g.
McDermid & Stuercke 2003,Journal of Applied Phycology,https://doi.org/10.1023/B:JAPH.0000004345.31686.7f,Rhodophyta,Red algae,Laurencia dotyi,Indo-Pacific,1.669,36.5,NA,2.2,2.7,NA,NA,NA,NA,NA,NA,Converted calories from cal per g to kcal per g.
McDermid & Stuercke 2003,Journal of Applied Phycology,https://doi.org/10.1023/B:JAPH.0000004345.31686.7f,Rhodophyta,Red algae,Laurencia mcdermidiae,Indo-Pacific,2.437,31,NA,2.1,3.7,NA,NA,NA,NA,NA,NA,Converted calories from cal per g to kcal per g.
McDermid & Stuercke 2003,Journal of Applied Phycology,https://doi.org/10.1023/B:JAPH.0000004345.31686.7f,Rhodophyta,Red algae,Laurencia nidifica,Indo-Pacific,2.407,31.4,NA,3.4,3.2,NA,NA,NA,NA,NA,NA,Converted calories from cal per g to kcal per g.
Mcdermid et al. 2007,Bulletin of Marine Science,,Epilithic algae matrix,Epilithic algae matrix,Filamentous turf,Indo-Pacific,NA,67.9,NA,2.3,5.07,NA,NA,NA,NA,NA,NA,Extracted data from graph using WebPlotDigitizer. Data averaged across samples taken every month over the course of a year.
McDermid et al. 2007,Bulletin of Marine Science,,Chlorophyta,Green algae,Caulerpa lentillifera,Indo-Pacific,1.518,46.4,NA,7.2,9.7,1.65,0.16,0.95,166.7,6.3,16.7,Converted kJ per g to kcal per g by dividing by 4.184
McDermid et al. 2007,Bulletin of Marine Science,,Chlorophyta,Green algae,Cladophora vagabunda,Indo-Pacific,2.244,34.2,NA,11.4,12.3,2.94,0.2,0.39,14,1,6,Converted kJ per g to kcal per g by dividing by 4.184
McDermid et al. 2007,Bulletin of Marine Science,,Chlorophyta,Green algae,Codium hawaiiense,Indo-Pacific,0.999,51.7,NA,2.6,4,1.84,0.06,1,39.22,3.36,11.84,Converted kJ per g to kcal per g by dividing by 4.184
McDermid et al. 2007,Bulletin of Marine Science,,Chlorophyta,Green algae,Codium reediae,Indo-Pacific,0.741,63.5,NA,6.1,7,1.7,0.12,0.92,196,1,3,Converted kJ per g to kcal per g by dividing by 4.184
McDermid et al. 2007,Bulletin of Marine Science,,Chlorophyta,Green algae,Rhizoclonium implexum,Indo-Pacific,1.943,35.5,NA,8.3,13.9,0.88,0.23,0.58,236,18.17,60.04,Converted kJ per g to kcal per g by dividing by 4.184
McDermid et al. 2007,Bulletin of Marine Science,,Chlorophyta,Green algae,Ulva fasciata,Indo-Pacific,2.569,28.85,NA,4.35,10.55,2.56,0.22,0.43,113.5,3,7.5,Converted kJ per g to kcal per g by dividing by 4.184. Averaged two reported values for this species.
McDermid et al. 2007,Bulletin of Marine Science,,Ochrophyta,Brown algae,Dictyota acutiloba,Indo-Pacific,2.424,28.9,NA,16.1,12,1.36,0.16,1.03,438,5,16,Converted kJ per g to kcal per g by dividing by 4.184
McDermid et al. 2007,Bulletin of Marine Science,,Ochrophyta,Brown algae,Sargassum echinocarpum,Indo-Pacific,2.115,32,NA,3.8,10.3,1.16,0.14,1.31,92,11,7,Converted kJ per g to kcal per g by dividing by 4.184
McDermid et al. 2007,Bulletin of Marine Science,,Rhodophyta,Red algae,Ahnfeltiopsis concinna,Indo-Pacific,2.201,23.8,NA,1.9,5.7,0.75,0.1,0.44,85.77,3.1,21.5,Converted kJ per g to kcal per g by dividing by 4.184
McDermid et al. 2007,Bulletin of Marine Science,,Rhodophyta,Red algae,Amansia glomerata,Indo-Pacific,1.941,38,NA,3.7,12.3,NA,NA,NA,NA,NA,NA,Converted kJ per g to kcal per g by dividing by 4.184
McDermid et al. 2007,Bulletin of Marine Science,,Rhodophyta,Red algae,Gracilaria salicornia,Indo-Pacific,1.446,49.5,NA,1.5,3.9,0.47,0.16,0.96,79,2,6,Converted kJ per g to kcal per g by dividing by 4.184
McDermid et al. 2007,Bulletin of Marine Science,,Rhodophyta,Red algae,Laurencia nidifica,Indo-Pacific,2.407,31.4,NA,3.4,3.2,NA,NA,NA,NA,NA,NA,Converted kJ per g to kcal per g by dividing by 4.184
McDermid et al. 2007,Bulletin of Marine Science,,Rhodophyta,Red algae,Pterocladiella capillacea,Indo-Pacific,3.513,13.7,NA,2.3,13.4,NA,NA,NA,NA,NA,NA,Converted kJ per g to kcal per g by dividing by 4.184
"Nagarkar et al., 2004",Hydrobiologia,http://doi.org/10.1023/B:HYDR.0000020313.09924.c1,Cyanophyceae,Cyanobacteria,Calothrix crustacea,Indo-Pacific,6.01,NA,7.6,NA,21.5,NA,NA,NA,NA,NA,NA,Converted caloric values from kJ per g to kcal per g by dividing by 4.184
"Nagarkar et al., 2004",Hydrobiologia,http://doi.org/10.1023/B:HYDR.0000020313.09924.c1,Cyanophyceae,Cyanobacteria,Calothrix contarenii,Indo-Pacific,6.93,NA,8.23,NA,27.43,NA,NA,NA,NA,NA,NA,Converted caloric values from kJ per g to kcal per g by dividing by 4.184
"Nagarkar et al., 2004",Hydrobiologia,http://doi.org/10.1023/B:HYDR.0000020313.09924.c1,Cyanophyceae,Cyanobacteria,Gloeocapsa crepidinum,Indo-Pacific,4.91,NA,7.63,NA,56.46,NA,NA,NA,NA,NA,NA,Converted caloric values from kJ per g to kcal per g by dividing by 4.184
"Nagarkar et al., 2004",Hydrobiologia,http://doi.org/10.1023/B:HYDR.0000020313.09924.c1,Cyanophyceae,Cyanobacteria,Lyngbya martensiana,Indo-Pacific,5.19,NA,5.43,NA,18.86,NA,NA,NA,NA,NA,NA,Converted caloric values from kJ per g to kcal per g by dividing by 4.184
"Nagarkar et al., 2004",Hydrobiologia,http://doi.org/10.1023/B:HYDR.0000020313.09924.c1,Cyanophyceae,Cyanobacteria,Lyngbya semiplena,Indo-Pacific,5.57,NA,8.93,NA,27.5,NA,NA,NA,NA,NA,NA,Converted caloric values from kJ per g to kcal per g by dividing by 4.184
"Nagarkar et al., 2004",Hydrobiologia,http://doi.org/10.1023/B:HYDR.0000020313.09924.c1,Cyanophyceae,Cyanobacteria,Phormidium corium,Indo-Pacific,7.78,NA,16.46,NA,49.56,NA,NA,NA,NA,NA,NA,Converted caloric values from kJ per g to kcal per g by dividing by 4.184
"Nagarkar et al., 2004",Hydrobiologia,http://doi.org/10.1023/B:HYDR.0000020313.09924.c1,Cyanophyceae,Cyanobacteria,Phormidium tenue,Indo-Pacific,7.49,NA,15.46,NA,62.96,NA,NA,NA,NA,NA,NA,Converted caloric values from kJ per g to kcal per g by dividing by 4.184
"Nagarkar et al., 2004",Hydrobiologia,http://doi.org/10.1023/B:HYDR.0000020313.09924.c1,Cyanophyceae,Cyanobacteria,Spirulina subsalsa,Indo-Pacific,8.32,NA,16.63,NA,70.76,NA,NA,NA,NA,NA,NA,Converted caloric values from kJ per g to kcal per g by dividing by 4.184
"Nagarkar et al., 2004",Hydrobiologia,http://doi.org/10.1023/B:HYDR.0000020313.09924.c1,Cyanophyceae,Cyanobacteria,Spirulina laybrinthiformis,Indo-Pacific,8.16,NA,14.73,NA,68.03,NA,NA,NA,NA,NA,NA,Converted caloric values from kJ per g to kcal per g by dividing by 4.184
"Nagarkar et al., 2004",Hydrobiologia,http://doi.org/10.1023/B:HYDR.0000020313.09924.c1,Cyanophyceae,Cyanobacteria,Synechomcoccus sp.,Indo-Pacific,6.6,NA,8.56,NA,63.56,NA,NA,NA,NA,NA,NA,Converted caloric values from kJ per g to kcal per g by dividing by 4.184
"Nagarkar et al., 2004",Hydrobiologia,http://doi.org/10.1023/B:HYDR.0000020313.09924.c1,Cyanophyceae,Cyanobacteria,Oscillatoria formosa,Indo-Pacific,3.66,NA,9.46,NA,50.85,NA,NA,NA,NA,NA,NA,Converted caloric values from kJ per g to kcal per g by dividing by 4.184
"Nagarkar et al., 2004",Hydrobiologia,http://doi.org/10.1023/B:HYDR.0000020313.09924.c1,Cyanophyceae,Cyanobacteria,Oscillatoria salina,Indo-Pacific,4.61,NA,11.2,NA,41.8,NA,NA,NA,NA,NA,NA,Converted caloric values from kJ per g to kcal per g by dividing by 4.184
"Nagarkar et al., 2004",Hydrobiologia,http://doi.org/10.1023/B:HYDR.0000020313.09924.c1,Cyanophyceae,Cyanobacteria,Oscillatoria subbrevis,Indo-Pacific,5.12,NA,11.53,NA,45.16,NA,NA,NA,NA,NA,NA,Converted caloric values from kJ per g to kcal per g by dividing by 4.184
Orduña-Rojas et al. 2002,Botanica Marina,https://doi.org/10.1515/BOT.2002.046,Rhodophyta,Red algae,Gracilaria cornea,Caribbean,NA,30,43.1,NA,4.25,NA,NA,NA,NA,NA,NA,Extracted data from graph using WebPlotDigitizer. Averaged values taken monthly over the course of a year.
Ramos et al. 2000,Carbohydrate Research,https://doi.org/10.1016/j.carres.2007.05.022,Chlorophyta,Green algae,Caulerpa sertularioides,Western Atlantic,NA,NA,NA,NA,20,NA,NA,NA,NA,NA,NA,
Ramos et al. 2000,Carbohydrate Research,https://doi.org/10.1016/j.carres.2007.05.022,Chlorophyta,Green algae,Ulva fasciata,Western Atlantic,NA,NA,NA,NA,6.26,NA,NA,NA,NA,NA,NA,
Ramos et al. 2000,Carbohydrate Research,https://doi.org/10.1016/j.carres.2007.05.022,Ochrophyta,Brown algae,Padina gymnospora,Western Atlantic,NA,NA,NA,NA,11.2,NA,NA,NA,NA,NA,NA,
Ramos et al. 2000,Carbohydrate Research,https://doi.org/10.1016/j.carres.2007.05.022,Ochrophyta,Brown algae,Sargassum fluiians,Western Atlantic,NA,NA,NA,NA,12.8,NA,NA,NA,NA,NA,NA,
Ramos et al. 2000,Carbohydrate Research,https://doi.org/10.1016/j.carres.2007.05.022,Ochrophyta,Brown algae,Sargassum vulgare,Western Atlantic,NA,NA,NA,NA,16.3,NA,NA,NA,NA,NA,NA,
Ramos et al. 2000,Carbohydrate Research,https://doi.org/10.1016/j.carres.2007.05.022,Rhodophyta,Red algae,Amansia multifida,Western Atlantic,NA,NA,NA,NA,25.6,NA,NA,NA,NA,NA,NA,
Ramos et al. 2000,Carbohydrate Research,https://doi.org/10.1016/j.carres.2007.05.022,Rhodophyta,Red algae,Bryothamnion seaforthii,Western Atlantic,NA,NA,NA,NA,17.25,NA,NA,NA,NA,NA,NA,
Ramos et al. 2000,Carbohydrate Research,https://doi.org/10.1016/j.carres.2007.05.022,Rhodophyta,Red algae,Bryothamnion triquetrum,Western Atlantic,NA,NA,NA,NA,11.8,NA,NA,NA,NA,NA,NA,
Ramos et al. 2000,Carbohydrate Research,https://doi.org/10.1016/j.carres.2007.05.022,Rhodophyta,Red algae,Digenea simplex,Western Atlantic,NA,NA,NA,NA,15.6,NA,NA,NA,NA,NA,NA,
Ramos et al. 2000,Carbohydrate Research,https://doi.org/10.1016/j.carres.2007.05.022,Rhodophyta,Red algae,Enantiocladia duperreyi,Western Atlantic,NA,NA,NA,NA,19.5,NA,NA,NA,NA,NA,NA,
Ramos et al. 2000,Carbohydrate Research,https://doi.org/10.1016/j.carres.2007.05.022,Rhodophyta,Red algae,Gracilaria lemaneiformis,Western Atlantic,NA,NA,NA,NA,7.76,NA,NA,NA,NA,NA,NA,
Ramos et al. 2000,Carbohydrate Research,https://doi.org/10.1016/j.carres.2007.05.022,Rhodophyta,Red algae,Solieria flliformis,Western Atlantic,NA,NA,NA,NA,21.25,NA,NA,NA,NA,NA,NA,
Ramos et al. 2000,Carbohydrate Research,https://doi.org/10.1016/j.carres.2007.05.022,Rhodophyta,Red algae,Vidalia obiusiloba,Western Atlantic,NA,NA,NA,NA,18,NA,NA,NA,NA,NA,NA,
Rempel et al. 2022,Coral Reefs,https://doi.org/10.1007/s00338-022-02228-9,Feces,Feces,Chromis multilineata fecal pellet,Caribbean,4.005392236,5.844155844,74.32361944,4.783169389,15.04905533,2.32,4.33,9.068,224.83,13.45,118.05,
Rempel et al. 2022,Coral Reefs,https://doi.org/10.1007/s00338-022-02228-9,Feces,Feces,Chromis multilineata fecal pellet,Caribbean,3.86769158,6,74.96504757,2.153831597,16.88112083,2.12,4.14,8.289,256.32,13.84,135.27,
Rempel et al. 2022,Coral Reefs,https://doi.org/10.1007/s00338-022-02228-9,Feces,Feces,Chromis multilineata fecal pellet,Caribbean,4.019920656,4.666666667,73.99269944,4.131746457,17.20888744,2.17,4.07,7.691,218.5,13.54,139.56,
Rempel et al. 2022,Coral Reefs,https://doi.org/10.1007/s00338-022-02228-9,Feces,Feces,Chromis multilineata fecal pellet,Caribbean,3.932145582,7.284768212,71.58153115,4.470726202,16.66297444,2.31,4.26,9.087,278.67,13.79,123.47,
Rempel et al. 2022,Coral Reefs,https://doi.org/10.1007/s00338-022-02228-9,Feces,Feces,Chromis multilineata fecal pellet,Caribbean,3.74667431,7.284768212,76.8107596,0.761300768,15.14317142,2.4,4.55,10.207,279.4,14.27,126.98,
Rempel et al. 2022,Coral Reefs,https://doi.org/10.1007/s00338-022-02228-9,Feces,Feces,Chromis multilineata fecal pellet,Caribbean,3.833633562,7.382550336,72.92475809,2.578711498,17.11398008,2.13,4.04,8.279,288.09,13.95,202.47,
Rempel et al. 2022,Coral Reefs,https://doi.org/10.1007/s00338-022-02228-9,Feces,Feces,Chromis multilineata fecal pellet,Caribbean,3.803037618,6.666666667,75.36880598,1.394085687,16.57044167,1.42,2.18,6.655,391.11,9.75,80.52,
Rempel et al. 2022,Coral Reefs,https://doi.org/10.1007/s00338-022-02228-9,Feces,Feces,Chromis multilineata fecal pellet,Caribbean,3.923460876,6.666666667,75.148601,3.802550859,14.38218147,2.13,4.07,8.831,263.01,13.29,109.38,
Rempel et al. 2022,Coral Reefs,https://doi.org/10.1007/s00338-022-02228-9,Feces,Feces,Chromis multilineata fecal pellet,Caribbean,3.878697105,4.635761589,75.78623256,1.282551376,18.29545448,1.44,2.28,6.664,282.24,9.81,154.54,
Rempel et al. 2022,Coral Reefs,https://doi.org/10.1007/s00338-022-02228-9,Feces,Feces,Chromis multilineata fecal pellet,Caribbean,3.865397705,5.333333333,80.89306027,1.574620765,12.19898563,2.24,4.34,9.34,332.15,15.4,116.19,
Renaud & Luong-Van 2006,Journal of Applied Phycology,https://doi.org/10.1007/s10811-006-9034-x,Chlorophyta,Green algae,Caulerpa racemosa,Indo-Pacific,1.39818356,44.95,NA,4.1,6.85,NA,NA,NA,NA,NA,NA,
Renaud & Luong-Van 2006,Journal of Applied Phycology,https://doi.org/10.1007/s10811-006-9034-x,Chlorophyta,Green algae,Halimeda macroloba,Indo-Pacific,0.68116635,69.4,NA,2.4,5.6,NA,NA,NA,NA,NA,NA,
Renaud & Luong-Van 2006,Journal of Applied Phycology,https://doi.org/10.1007/s10811-006-9034-x,Chlorophyta,Green algae,Halimeda opuntia,Indo-Pacific,0.51386233,87.85,NA,2.6,3.2,NA,NA,NA,NA,NA,NA,
Renaud & Luong-Van 2006,Journal of Applied Phycology,https://doi.org/10.1007/s10811-006-9034-x,Chlorophyta,Green algae,Neomeris van-bosseae,Indo-Pacific,0.78871893,56.6,NA,2.65,1.45,NA,NA,NA,NA,NA,NA,
Renaud & Luong-Van 2006,Journal of Applied Phycology,https://doi.org/10.1007/s10811-006-9034-x,Chlorophyta,Green algae,Caulerpa lentillifera,Indo-Pacific,1.14722753,48.9,NA,2.7,6.6,NA,NA,NA,NA,NA,NA,
Renaud & Luong-Van 2006,Journal of Applied Phycology,https://doi.org/10.1007/s10811-006-9034-x,Chlorophyta,Green algae,Ulva intestinales,Indo-Pacific,1.09942639,49.5,NA,1.8,3.2,NA,NA,NA,NA,NA,NA,
Renaud & Luong-Van 2006,Journal of Applied Phycology,https://doi.org/10.1007/s10811-006-9034-x,Ochrophyta,Brown algae,Dictyota ciliolata,Indo-Pacific,1.79254302,40.1,NA,7.45,7.4,NA,NA,NA,NA,NA,NA,
Renaud & Luong-Van 2006,Journal of Applied Phycology,https://doi.org/10.1007/s10811-006-9034-x,Ochrophyta,Brown algae,Padina boryana,Indo-Pacific,1.67304015,35,NA,4.8,8.5,NA,NA,NA,NA,NA,NA,
Renaud & Luong-Van 2006,Journal of Applied Phycology,https://doi.org/10.1007/s10811-006-9034-x,Ochrophyta,Brown algae,Sargassum decurrens,Indo-Pacific,1.60133843,30.4,NA,3.3,7.1,NA,NA,NA,NA,NA,NA,
Renaud & Luong-Van 2006,Journal of Applied Phycology,https://doi.org/10.1007/s10811-006-9034-x,Ochrophyta,Brown algae,Sargassum filifolium,Indo-Pacific,1.81644359,28.2,NA,4,10.2,NA,NA,NA,NA,NA,NA,
Renaud & Luong-Van 2006,Journal of Applied Phycology,https://doi.org/10.1007/s10811-006-9034-x,Ochrophyta,Brown algae,Turbinaria conoides,Indo-Pacific,1.33843212,34.4,NA,2.3,5.9,NA,NA,NA,NA,NA,NA,
Renaud & Luong-Van 2006,Journal of Applied Phycology,https://doi.org/10.1007/s10811-006-9034-x,Rhodophyta,Red algae,Acanthophora muscoides,Indo-Pacific,1.94789675,43.7,NA,2.45,9.5,NA,NA,NA,NA,NA,NA,
Renaud & Luong-Van 2006,Journal of Applied Phycology,https://doi.org/10.1007/s10811-006-9034-x,Rhodophyta,Red algae,Botryocladia leptopoda,Indo-Pacific,1.48183556,59.1,NA,1.4,7.1,NA,NA,NA,NA,NA,NA,
Renaud & Luong-Van 2006,Journal of Applied Phycology,https://doi.org/10.1007/s10811-006-9034-x,Rhodophyta,Red algae,Eucheuma denticulatum,Indo-Pacific,1.60133843,43.8,NA,1.6,5,NA,NA,NA,NA,NA,NA,
Renaud & Luong-Van 2006,Journal of Applied Phycology,https://doi.org/10.1007/s10811-006-9034-x,Rhodophyta,Red algae,Gracilaria salicornia,Indo-Pacific,1.45793499,49.3,NA,1.3,6,NA,NA,NA,NA,NA,NA,
Renaud & Luong-Van 2006,Journal of Applied Phycology,https://doi.org/10.1007/s10811-006-9034-x,Rhodophyta,Red algae,Laurencia majuscula,Indo-Pacific,1.93594646,42.2,NA,5.1,12.5,NA,NA,NA,NA,NA,NA,
Renaud & Luong-Van 2006,Journal of Applied Phycology,https://doi.org/10.1007/s10811-006-9034-x,Rhodophyta,Red algae,Soliera robusta,Indo-Pacific,1.24282983,58.1,NA,3.4,4.8,NA,NA,NA,NA,NA,NA,
Renaud & Luong-Van 2006,Journal of Applied Phycology,https://doi.org/10.1007/s10811-006-9034-x,Rhodophyta,Red algae,Wrangelia plumose,Indo-Pacific,2.12715105,35.1,NA,5.6,12.8,NA,NA,NA,NA,NA,NA,
Renaud & Luong-Van 2006,Journal of Applied Phycology,https://doi.org/10.1007/s10811-006-9034-x,Rhodophyta,Red algae,Gracilaria crassa,Indo-Pacific,1.29063098,52.3,NA,1.9,6.4,NA,NA,NA,NA,NA,NA,
Renaud & Luong-Van 2006,Journal of Applied Phycology,https://doi.org/10.1007/s10811-006-9034-x,Rhodophyta,Red algae,Bostrychia tenella,Indo-Pacific,2.46175908,24.2,NA,4.5,10.8,NA,NA,NA,NA,NA,NA,
Renaud et al. 1997,"Trochus: Status, Hatchery Practice and Nutrition",,Chlorophyta,Green algae,Halimeda oorneensis,Indo-Pacific,NA,NA,NA,NA,2.7,NA,NA,NA,NA,NA,NA,
Renaud et al. 1997,"Trochus: Status, Hatchery Practice and Nutrition",,Ochrophyta,Brown algae,Dictyota ciliolata,Indo-Pacific,NA,NA,NA,NA,4.1,NA,NA,NA,NA,NA,NA,
Renaud et al. 1997,"Trochus: Status, Hatchery Practice and Nutrition",,Ochrophyta,Brown algae,Padina australis,Indo-Pacific,NA,NA,NA,NA,6.1,NA,NA,NA,NA,NA,NA,
Teichberg et al. 2013,Aquatic Botany,https://doi.org/10.1016/j.aquabot.2012.09.010,Chlorophyta,Green algae,Halimeda opuntia,Caribbean,NA,NA,NA,NA,4.92,NA,0.0125,NA,NA,NA,NA,Averaged values from samples taken at 5 and 15m depth
Wilson et al. 2001,Organic Geochemistry,https://doi.org/10.1016/S0146-6380(01)00084-5,Epilithic algae matrix,Epilithic algae matrix,Filamentous algae within EAM,Indo-Pacific,NA,NA,NA,3.95,,NA,NA,NA,NA,NA,NA,Average of values for turf algae taken in summer and winter. Converted values from mg per g to percent.
Wilson et al. 2002,Journal of Experimental Marine Biology and Ecology,https://doi.org/10.1016/S0022-0981(02)00035-7,Epilithic algae matrix,Epilithic algae matrix,Filamentous algae within EAM,Indo-Pacific,NA,NA,22.63,1.15,4.81,NA,NA,NA,NA,NA,NA,Data extracted from graph using WebPlotDigitizer. Data were averaged from values from summer and winter converted from mg per g to percentage. 
Wilson et al. 2002,Journal of Experimental Marine Biology and Ecology,https://doi.org/10.1016/S0022-0981(02)00035-7,Epilithic algae matrix,Epilithic algae matrix,Detritus within EAM,Indo-Pacific,NA,NA,8.05,1.15,3.47,NA,NA,NA,NA,NA,NA,Data extracted from graph using WebPlotDigitizer. Data were averaged from values from summer and winter converted from mg per g to percentage.
Zea Obando et al. 2017,Journal of Marine Biology and Aquaculture,https://doi.org/10.15436/2381-0750.17.1367,Cyanophyceae,Cyanobacteria,Leptolyngbya sp.,Indo-Pacific,NA,NA,NA,3.85,NA,NA,NA,NA,NA,NA,NA,
Zea Obando et al. 2017,Journal of Marine Biology and Aquaculture,https://doi.org/10.15436/2381-0750.17.1367,Cyanophyceae,Cyanobacteria,Pseudoanabaena sp.,Indo-Pacific,NA,NA,NA,3.05,NA,NA,NA,NA,NA,NA,NA,
Zea Obando et al. 2017,Journal of Marine Biology and Aquaculture,https://doi.org/10.15436/2381-0750.17.1367,Cyanophyceae,Cyanobacteria,Leptolyngbya sp. ,Indo-Pacific,NA,NA,NA,9.07,NA,NA,NA,NA,NA,NA,NA,
Zea Obando et al. 2017,Journal of Marine Biology and Aquaculture,https://doi.org/10.15436/2381-0750.17.1367,Cyanophyceae,Cyanobacteria,Leptolyngbya sp. ,Indo-Pacific,NA,NA,NA,9.27,NA,NA,NA,NA,NA,NA,NA,
Zea Obando et al. 2017,Journal of Marine Biology and Aquaculture,https://doi.org/10.15436/2381-0750.17.1367,Cyanophyceae,Cyanobacteria,Leptolyngbya sp. ,Indo-Pacific,NA,NA,NA,5.08,NA,NA,NA,NA,NA,NA,NA,
Zea Obando et al. 2017,Journal of Marine Biology and Aquaculture,https://doi.org/10.15436/2381-0750.17.1367,Cyanophyceae,Cyanobacteria,Spirulina sp.,Indo-Pacific,NA,NA,NA,10.9,NA,NA,NA,NA,NA,NA,NA,
Zea Obando et al. 2017,Journal of Marine Biology and Aquaculture,https://doi.org/10.15436/2381-0750.17.1367,Cyanophyceae,Cyanobacteria,Roseofilum sp.,Indo-Pacific,NA,NA,NA,1.9,NA,NA,NA,NA,NA,NA,NA,
Zea Obando et al. 2017,Journal of Marine Biology and Aquaculture,https://doi.org/10.15436/2381-0750.17.1367,Cyanophyceae,Cyanobacteria,Synechococcus elongatus,Indo-Pacific,NA,NA,NA,1.01,NA,NA,NA,NA,NA,NA,NA,
Zea Obando et al. 2017,Journal of Marine Biology and Aquaculture,https://doi.org/10.15436/2381-0750.17.1367,Cyanophyceae,Cyanobacteria,Synechocystis sp.,Indo-Pacific,NA,NA,NA,8.21,NA,NA,NA,NA,NA,NA,NA,